trial,testing,parameters,initial_deadline,final_deadline,net_reward,actions,success
1,False,"{'a': 0.5, 'e': 0.99004983374916811}",25,-100,-616.8578657284971,"{0: 77, 1: 12, 2: 25, 3: 2, 4: 9}",0
2,False,"{'a': 0.5, 'e': 0.98019867330675525}",20,-100,-626.2674553995317,"{0: 68, 1: 13, 2: 24, 3: 9, 4: 6}",0
3,False,"{'a': 0.5, 'e': 0.97044553354850815}",20,-100,-318.2519789872422,"{0: 80, 1: 15, 2: 17, 3: 6, 4: 2}",0
4,False,"{'a': 0.5, 'e': 0.96078943915232318}",25,-100,-636.7045480074639,"{0: 71, 1: 13, 2: 28, 3: 7, 4: 6}",0
5,False,"{'a': 0.5, 'e': 0.95122942450071402}",25,-36,-227.55994971369373,"{0: 37, 1: 6, 2: 14, 3: 2, 4: 2}",0
6,False,"{'a': 0.5, 'e': 0.94176453358424872}",25,9,-0.7951474648882613,"{0: 14, 1: 0, 2: 2, 3: 0, 4: 0}",1
7,False,"{'a': 0.5, 'e': 0.93239381990594827}",20,-100,-509.8496242061685,"{0: 74, 1: 11, 2: 24, 3: 5, 4: 6}",0
8,False,"{'a': 0.5, 'e': 0.92311634638663576}",20,14,-12.428495091828207,"{0: 4, 1: 0, 2: 2, 3: 0, 4: 0}",1
9,False,"{'a': 0.5, 'e': 0.91393118527122819}",25,12,-53.36508355435085,"{0: 7, 1: 4, 2: 1, 3: 0, 4: 1}",1
10,False,"{'a': 0.5, 'e': 0.90483741803595952}",25,-4,-196.74949589838116,"{0: 16, 1: 3, 2: 5, 3: 2, 4: 3}",0
11,False,"{'a': 0.5, 'e': 0.89583413529652822}",30,-100,-513.9568728945344,"{0: 90, 1: 10, 2: 16, 3: 6, 4: 8}",0
12,False,"{'a': 0.5, 'e': 0.88692043671715748}",20,7,-81.10946006052492,"{0: 9, 1: 1, 2: 1, 3: 0, 4: 2}",1
13,False,"{'a': 0.5, 'e': 0.8780954309205613}",20,8,-107.95258201774881,"{0: 6, 1: 2, 2: 1, 3: 1, 4: 2}",1
14,False,"{'a': 0.5, 'e': 0.86935823539880586}",20,-8,-127.15145188877135,"{0: 19, 1: 3, 2: 2, 3: 2, 4: 2}",0
15,False,"{'a': 0.5, 'e': 0.86070797642505781}",25,-25,-197.1620773780148,"{0: 31, 1: 9, 2: 6, 3: 1, 4: 3}",0
16,False,"{'a': 0.5, 'e': 0.85214378896621135}",25,-9,-88.34696449957129,"{0: 20, 1: 6, 2: 7, 3: 1, 4: 0}",0
17,False,"{'a': 0.5, 'e': 0.8436648165963837}",30,-100,-444.9605124186873,"{0: 90, 1: 10, 2: 19, 3: 4, 4: 7}",0
18,False,"{'a': 0.5, 'e': 0.835270211411272}",35,-3,-10.047695613109905,"{0: 31, 1: 2, 2: 5, 3: 0, 4: 0}",0
19,False,"{'a': 0.5, 'e': 0.82695913394336229}",25,-18,-130.38250512904432,"{0: 27, 1: 2, 2: 13, 3: 0, 4: 1}",0
20,False,"{'a': 0.5, 'e': 0.81873075307798182}",20,-16,-120.05564563538479,"{0: 25, 1: 4, 2: 4, 3: 1, 4: 2}",0
21,False,"{'a': 0.5, 'e': 0.81058424597018708}",25,-8,-194.05916019831258,"{0: 20, 1: 1, 2: 5, 3: 5, 4: 2}",0
22,False,"{'a': 0.5, 'e': 0.80251879796247849}",35,-17,-175.64660601012142,"{0: 36, 1: 3, 2: 8, 3: 3, 4: 2}",0
23,False,"{'a': 0.5, 'e': 0.79453360250333405}",25,17,-4.177148795501364,"{0: 6, 1: 1, 2: 1, 3: 0, 4: 0}",1
24,False,"{'a': 0.5, 'e': 0.78662786106655347}",20,-43,-275.3594025276132,"{0: 42, 1: 3, 2: 9, 3: 6, 4: 3}",0
25,False,"{'a': 0.5, 'e': 0.77880078307140488}",25,7,-56.87403855955459,"{0: 13, 1: 0, 2: 4, 3: 0, 4: 1}",1
26,False,"{'a': 0.5, 'e': 0.77105158580356625}",20,-9,-38.85295867947382,"{0: 24, 1: 0, 2: 4, 3: 0, 4: 1}",0
27,False,"{'a': 0.5, 'e': 0.76337949433685315}",25,-9,-53.32851989474505,"{0: 27, 1: 0, 2: 6, 3: 0, 4: 1}",0
28,False,"{'a': 0.5, 'e': 0.75578374145572547}",20,-28,-55.47107480636239,"{0: 39, 1: 3, 2: 5, 3: 0, 4: 1}",0
29,False,"{'a': 0.5, 'e': 0.74826356757856527}",20,-80,-369.54525667520375,"{0: 67, 1: 8, 2: 17, 3: 3, 4: 5}",0
30,False,"{'a': 0.5, 'e': 0.74081822068171788}",25,-4,-187.75052159411436,"{0: 19, 1: 1, 2: 5, 3: 0, 4: 4}",0
31,False,"{'a': 0.5, 'e': 0.73344695622428924}",20,-26,-187.90339221642438,"{0: 30, 1: 3, 2: 8, 3: 3, 4: 2}",0
32,False,"{'a': 0.5, 'e': 0.72614903707369094}",30,-23,-140.98882772848623,"{0: 39, 1: 3, 2: 7, 3: 2, 4: 2}",0
33,False,"{'a': 0.5, 'e': 0.71892373343192617}",25,-38,-228.9933945009881,"{0: 46, 1: 3, 2: 8, 3: 2, 4: 4}",0
34,False,"{'a': 0.5, 'e': 0.71177032276260965}",20,-78,-238.5823772864024,"{0: 76, 1: 4, 2: 11, 3: 2, 4: 5}",0
35,False,"{'a': 0.5, 'e': 0.70468808971871344}",30,-3,-251.8616939831801,"{0: 19, 1: 3, 2: 5, 3: 1, 4: 5}",0
36,False,"{'a': 0.5, 'e': 0.69767632607103103}",25,-43,-91.16056447079337,"{0: 54, 1: 6, 2: 5, 3: 1, 4: 2}",0
37,False,"{'a': 0.5, 'e': 0.69073433063735468}",20,9,-22.15602224282763,"{0: 10, 1: 0, 2: 0, 3: 0, 4: 1}",1
38,False,"{'a': 0.5, 'e': 0.68386140921235583}",25,11,-68.39986530713199,"{0: 9, 1: 0, 2: 4, 3: 0, 4: 1}",1
39,False,"{'a': 0.5, 'e': 0.67705687449816465}",20,2,-49.022168168686534,"{0: 12, 1: 0, 2: 5, 3: 1, 4: 0}",1
40,False,"{'a': 0.5, 'e': 0.67032004603563933}",25,-38,-136.11084929357247,"{0: 47, 1: 2, 2: 11, 3: 1, 4: 2}",0
41,False,"{'a': 0.5, 'e': 0.6636502501363194}",20,-21,-81.29487493033392,"{0: 29, 1: 5, 2: 5, 3: 1, 4: 1}",0
42,False,"{'a': 0.5, 'e': 0.65704681981505675}",20,9,-58.97343284299886,"{0: 7, 1: 2, 2: 0, 3: 1, 4: 1}",1
43,False,"{'a': 0.5, 'e': 0.65050909472331653}",20,-100,-346.0549677197747,"{0: 88, 1: 7, 2: 17, 3: 2, 4: 6}",0
44,False,"{'a': 0.5, 'e': 0.64403642108314141}",20,-1,-30.915429138752884,"{0: 17, 1: 0, 2: 2, 3: 2, 4: 0}",1
45,False,"{'a': 0.5, 'e': 0.63762815162177333}",20,8,-31.330717225664923,"{0: 10, 1: 0, 2: 1, 3: 0, 4: 1}",1
46,False,"{'a': 0.5, 'e': 0.63128364550692595}",20,0,-148.26824032038786,"{0: 12, 1: 2, 2: 2, 3: 1, 4: 3}",1
47,False,"{'a': 0.5, 'e': 0.62500226828270078}",20,-2,-76.55321155526035,"{0: 18, 1: 0, 2: 1, 3: 1, 4: 2}",0
48,False,"{'a': 0.5, 'e': 0.61878339180614084}",25,17,3.4534603642166077,"{0: 7, 1: 0, 2: 1, 3: 0, 4: 0}",1
49,False,"{'a': 0.5, 'e': 0.61262639418441611}",25,-5,-58.92378574100431,"{0: 23, 1: 2, 2: 4, 3: 0, 4: 1}",0
50,False,"{'a': 0.5, 'e': 0.60653065971263342}",20,-20,-79.81933573143233,"{0: 32, 1: 1, 2: 5, 3: 0, 4: 2}",0
51,False,"{'a': 0.5, 'e': 0.6004955788122659}",20,-2,-103.47459773753648,"{0: 15, 1: 0, 2: 5, 3: 0, 4: 2}",0
52,False,"{'a': 0.5, 'e': 0.59452054797019438}",25,2,-25.57392920338476,"{0: 19, 1: 2, 2: 1, 3: 0, 4: 1}",1
53,False,"{'a': 0.5, 'e': 0.58860496967835518}",25,-22,-38.53192332255201,"{0: 38, 1: 5, 2: 3, 3: 0, 4: 1}",0
54,False,"{'a': 0.5, 'e': 0.58274825237398964}",25,-31,-50.76792936767507,"{0: 43, 1: 5, 2: 6, 3: 2, 4: 0}",0
55,False,"{'a': 0.5, 'e': 0.57694981038048665}",30,-12,-41.38620382276747,"{0: 35, 1: 1, 2: 4, 3: 1, 4: 1}",0
56,False,"{'a': 0.5, 'e': 0.57120906384881487}",20,-3,2.257940238018473,"{0: 19, 1: 1, 2: 3, 3: 0, 4: 0}",0
57,False,"{'a': 0.5, 'e': 0.56552543869953709}",20,13,-5.92573103430418,"{0: 6, 1: 0, 2: 0, 3: 1, 4: 0}",1
58,False,"{'a': 0.5, 'e': 0.55989836656540204}",20,14,4.864463603251277,"{0: 5, 1: 1, 2: 0, 3: 0, 4: 0}",1
59,False,"{'a': 0.5, 'e': 0.5543272847345071}",20,9,17.009537777254707,"{0: 10, 1: 1, 2: 0, 3: 0, 4: 0}",1
60,False,"{'a': 0.5, 'e': 0.5488116360940265}",25,13,-2.789270983502292,"{0: 10, 1: 0, 2: 2, 3: 0, 4: 0}",1
61,False,"{'a': 0.5, 'e': 0.54335086907449981}",25,-1,-1.4873427012932758,"{0: 22, 1: 2, 2: 1, 3: 1, 4: 0}",1
62,False,"{'a': 0.5, 'e': 0.53794443759467447}",30,-24,-20.5334844630374,"{0: 47, 1: 2, 2: 3, 3: 1, 4: 1}",0
63,False,"{'a': 0.5, 'e': 0.53259180100689718}",20,-9,-10.70132408352335,"{0: 26, 1: 0, 2: 2, 3: 0, 4: 1}",0
64,False,"{'a': 0.5, 'e': 0.52729242404304855}",20,7,-5.9653794983922594,"{0: 10, 1: 1, 2: 2, 3: 0, 4: 0}",1
65,False,"{'a': 0.5, 'e': 0.52204577676101604}",20,15,2.0942830086476323,"{0: 4, 1: 1, 2: 0, 3: 0, 4: 0}",1
66,False,"{'a': 0.5, 'e': 0.51685133449169918}",25,-12,-23.300862356988887,"{0: 29, 1: 3, 2: 4, 3: 1, 4: 0}",0
67,False,"{'a': 0.5, 'e': 0.51170857778654244}",20,-6,-38.465166806822154,"{0: 22, 1: 1, 2: 1, 3: 1, 4: 1}",0
68,False,"{'a': 0.5, 'e': 0.50661699236558955}",30,-8,-10.332175292307914,"{0: 32, 1: 2, 2: 3, 3: 1, 4: 0}",0
69,False,"{'a': 0.5, 'e': 0.50157606906605545}",35,17,-4.1063268971106055,"{0: 15, 1: 1, 2: 1, 3: 1, 4: 0}",1
70,False,"{'a': 0.5, 'e': 0.49658530379140947}",20,12,8.595432841778768,"{0: 7, 1: 1, 2: 0, 3: 0, 4: 0}",1
71,False,"{'a': 0.5, 'e': 0.4916441974609651}",25,-5,-19.64170593057646,"{0: 26, 1: 1, 2: 2, 3: 0, 4: 1}",0
72,False,"{'a': 0.5, 'e': 0.48675225595997168}",25,5,-6.3326558297405,"{0: 19, 1: 0, 2: 0, 3: 0, 4: 1}",1
73,False,"{'a': 0.5, 'e': 0.48190899009020244}",20,-4,18.770866194305285,"{0: 22, 1: 0, 2: 2, 3: 0, 4: 0}",0
74,False,"{'a': 0.5, 'e': 0.47711391552103438}",30,6,3.5605136434505593,"{0: 21, 1: 0, 2: 3, 3: 0, 4: 0}",1
75,False,"{'a': 0.5, 'e': 0.47236655274101469}",20,-20,-82.50008712222932,"{0: 30, 1: 2, 2: 6, 3: 1, 4: 1}",0
76,False,"{'a': 0.5, 'e': 0.46766642700990924}",20,5,-37.07273776376969,"{0: 10, 1: 0, 2: 5, 3: 0, 4: 0}",1
77,False,"{'a': 0.5, 'e': 0.46301306831122807}",20,9,-74.97765505242116,"{0: 8, 1: 0, 2: 1, 3: 0, 4: 2}",1
78,False,"{'a': 0.5, 'e': 0.45840601130522352}",25,-9,-97.05053095256991,"{0: 26, 1: 0, 2: 6, 3: 0, 4: 2}",0
79,False,"{'a': 0.5, 'e': 0.45384479528235583}",20,4,6.803194223241796,"{0: 14, 1: 0, 2: 2, 3: 0, 4: 0}",1
80,False,"{'a': 0.5, 'e': 0.44932896411722156}",20,-8,-79.60764681579779,"{0: 22, 1: 1, 2: 3, 3: 0, 4: 2}",0
81,False,"{'a': 0.5, 'e': 0.44485806622294111}",20,2,-21.93270902968101,"{0: 13, 1: 1, 2: 4, 3: 0, 4: 0}",1
82,False,"{'a': 0.5, 'e': 0.44043165450599925}",30,9,-60.51174630491984,"{0: 17, 1: 2, 2: 0, 3: 0, 4: 2}",1
83,False,"{'a': 0.5, 'e': 0.43604928632153556}",20,-15,-49.657709958695435,"{0: 27, 1: 3, 2: 4, 3: 0, 4: 1}",0
84,False,"{'a': 0.5, 'e': 0.43171052342907973}",25,-43,-58.025123569434896,"{0: 59, 1: 2, 2: 3, 3: 2, 4: 2}",0
85,False,"{'a': 0.5, 'e': 0.42741493194872671}",20,3,-79.71781847951151,"{0: 12, 1: 1, 2: 2, 3: 0, 4: 2}",1
86,False,"{'a': 0.5, 'e': 0.42316208231774882}",20,2,5.59497299516774,"{0: 16, 1: 0, 2: 2, 3: 0, 4: 0}",1
87,False,"{'a': 0.5, 'e': 0.418951549247639}",25,15,-9.575269258539448,"{0: 7, 1: 2, 2: 1, 3: 0, 4: 0}",1
88,False,"{'a': 0.5, 'e': 0.41478291168158138}",20,-3,12.368426208912027,"{0: 20, 1: 1, 2: 2, 3: 0, 4: 0}",0
89,False,"{'a': 0.5, 'e': 0.4106557527523455}",30,14,-22.42497680284259,"{0: 11, 1: 1, 2: 4, 3: 0, 4: 0}",1
90,False,"{'a': 0.5, 'e': 0.40656965974059911}",25,14,22.23296342742068,"{0: 11, 1: 0, 2: 0, 3: 0, 4: 0}",1
91,False,"{'a': 0.5, 'e': 0.40252422403363597}",25,-1,-22.023699297285788,"{0: 23, 1: 0, 2: 1, 3: 1, 4: 1}",1
92,False,"{'a': 0.5, 'e': 0.39851904108451414}",20,-9,-90.46737409259893,"{0: 23, 1: 1, 2: 2, 3: 1, 4: 2}",0
93,False,"{'a': 0.5, 'e': 0.39455371037160109}",20,-12,-33.3230827379607,"{0: 24, 1: 2, 2: 5, 3: 1, 4: 0}",0
94,False,"{'a': 0.5, 'e': 0.39062783535852108}",25,6,-63.65841533518759,"{0: 13, 1: 0, 2: 5, 3: 0, 4: 1}",1
95,False,"{'a': 0.5, 'e': 0.38674102345450118}",20,7,-33.65585133293184,"{0: 10, 1: 2, 2: 0, 3: 0, 4: 1}",1
96,False,"{'a': 0.5, 'e': 0.38289288597511206}",20,1,2.764200773494106,"{0: 16, 1: 1, 2: 2, 3: 0, 4: 0}",1
97,False,"{'a': 0.5, 'e': 0.37908303810339883}",25,17,16.75252974711666,"{0: 8, 1: 0, 2: 0, 3: 0, 4: 0}",1
98,False,"{'a': 0.5, 'e': 0.37531109885139957}",25,18,2.3215129114041093,"{0: 6, 1: 0, 2: 1, 3: 0, 4: 0}",1
99,False,"{'a': 0.5, 'e': 0.37157669102204571}",20,-13,-69.51238463552383,"{0: 27, 1: 2, 2: 0, 3: 3, 4: 1}",0
100,False,"{'a': 0.5, 'e': 0.36787944117144233}",25,10,13.907350276942212,"{0: 14, 1: 0, 2: 1, 3: 0, 4: 0}",1
101,False,"{'a': 0.5, 'e': 0.36421897957152333}",25,7,-32.7123423068163,"{0: 13, 1: 1, 2: 3, 3: 1, 4: 0}",1
102,False,"{'a': 0.5, 'e': 0.3605949401730783}",25,-5,32.865129288164795,"{0: 28, 1: 1, 2: 1, 3: 0, 4: 0}",0
103,False,"{'a': 0.5, 'e': 0.35700696056914738}",30,-8,-58.91273156225798,"{0: 32, 1: 1, 2: 3, 3: 0, 4: 2}",0
104,False,"{'a': 0.5, 'e': 0.35345468195878016}",30,6,35.9615939347818,"{0: 23, 1: 1, 2: 0, 3: 0, 4: 0}",1
105,False,"{'a': 0.5, 'e': 0.34993774911115533}",30,4,0.4597237153869005,"{0: 24, 1: 0, 2: 1, 3: 0, 4: 1}",1
106,False,"{'a': 0.5, 'e': 0.3464558103300574}",25,11,-61.55587702273464,"{0: 11, 1: 1, 2: 0, 3: 0, 4: 2}",1
107,False,"{'a': 0.5, 'e': 0.34300851741870664}",20,-16,30.981511951571385,"{0: 33, 1: 0, 2: 3, 3: 0, 4: 0}",0
108,False,"{'a': 0.5, 'e': 0.33959552564493911}",20,-27,-65.70107496369263,"{0: 40, 1: 0, 2: 4, 3: 1, 4: 2}",0
109,False,"{'a': 0.5, 'e': 0.33621649370673329}",20,12,13.693151006016238,"{0: 8, 1: 0, 2: 0, 3: 0, 4: 0}",1
110,False,"{'a': 0.5, 'e': 0.33287108369807955}",20,13,12.972734808280896,"{0: 7, 1: 0, 2: 0, 3: 0, 4: 0}",1
111,False,"{'a': 0.5, 'e': 0.32955896107518906}",35,15,-33.564966840665015,"{0: 16, 1: 0, 2: 3, 3: 0, 4: 1}",1
112,False,"{'a': 0.5, 'e': 0.32627979462303947}",20,9,22.027116837032725,"{0: 11, 1: 0, 2: 0, 3: 0, 4: 0}",1
113,False,"{'a': 0.5, 'e': 0.32303325642225289}",25,10,-38.97212255600773,"{0: 12, 1: 1, 2: 0, 3: 1, 4: 1}",1
114,False,"{'a': 0.5, 'e': 0.31981902181630384}",20,7,2.965855858749638,"{0: 11, 1: 1, 2: 1, 3: 0, 4: 0}",1
115,False,"{'a': 0.5, 'e': 0.31663676937905316}",25,5,27.82151677167709,"{0: 19, 1: 1, 2: 0, 3: 0, 4: 0}",1
116,False,"{'a': 0.5, 'e': 0.31348618088260533}",20,11,16.36039830239655,"{0: 9, 1: 0, 2: 0, 3: 0, 4: 0}",1
117,False,"{'a': 0.5, 'e': 0.31036694126548503}",20,13,-11.920615860055715,"{0: 6, 1: 0, 2: 0, 3: 1, 4: 0}",1
118,False,"{'a': 0.5, 'e': 0.30727873860113125}",20,-12,-10.157880688061363,"{0: 28, 1: 2, 2: 1, 3: 0, 4: 1}",0
119,False,"{'a': 0.5, 'e': 0.30422126406670408}",20,9,9.187192180630793,"{0: 10, 1: 0, 2: 1, 3: 0, 4: 0}",1
120,False,"{'a': 0.5, 'e': 0.30119421191220214}",20,-16,-61.560857843224845,"{0: 31, 1: 0, 2: 2, 3: 1, 4: 2}",0
121,False,"{'a': 0.5, 'e': 0.29819727942988739}",20,12,16.293352391518642,"{0: 8, 1: 0, 2: 0, 3: 0, 4: 0}",1
122,False,"{'a': 0.5, 'e': 0.29523016692401421}",35,19,-4.088843886514921,"{0: 14, 1: 0, 2: 1, 3: 1, 4: 0}",1
123,False,"{'a': 0.5, 'e': 0.29229257768085942}",25,13,23.70122935193499,"{0: 12, 1: 0, 2: 0, 3: 0, 4: 0}",1
124,False,"{'a': 0.5, 'e': 0.28938421793905061}",20,5,-26.204114242138555,"{0: 13, 1: 0, 2: 1, 3: 0, 4: 1}",1
125,False,"{'a': 0.5, 'e': 0.28650479686019009}",20,9,18.816465937693604,"{0: 11, 1: 0, 2: 0, 3: 0, 4: 0}",1
126,False,"{'a': 0.5, 'e': 0.2836540264997704}",25,5,15.287549092804731,"{0: 18, 1: 0, 2: 2, 3: 0, 4: 0}",1
127,False,"{'a': 0.5, 'e': 0.28083162177837978}",20,13,-7.247666720040865,"{0: 6, 1: 0, 2: 0, 3: 1, 4: 0}",1
128,False,"{'a': 0.5, 'e': 0.27803730045319414}",30,12,11.488655855108894,"{0: 16, 1: 1, 2: 1, 3: 0, 4: 0}",1
129,False,"{'a': 0.5, 'e': 0.27527078308975234}",20,3,-13.624717653590398,"{0: 16, 1: 0, 2: 0, 3: 0, 4: 1}",1
130,False,"{'a': 0.5, 'e': 0.27253179303401259}",20,0,0.9523319629934563,"{0: 17, 1: 0, 2: 3, 3: 0, 4: 0}",1
131,False,"{'a': 0.5, 'e': 0.26982005638468681}",20,10,14.352028437750175,"{0: 9, 1: 1, 2: 0, 3: 0, 4: 0}",1
132,False,"{'a': 0.5, 'e': 0.26713530196585034}",20,3,31.314015720714544,"{0: 17, 1: 0, 2: 0, 3: 0, 4: 0}",1
133,False,"{'a': 0.5, 'e': 0.26447726129982396}",20,-5,6.742666095437679,"{0: 24, 1: 0, 2: 0, 3: 0, 4: 1}",0
134,False,"{'a': 0.5, 'e': 0.26184566858032599}",20,3,5.333882015913137,"{0: 15, 1: 0, 2: 2, 3: 0, 4: 0}",1
135,False,"{'a': 0.5, 'e': 0.25924026064589151}",30,-15,-15.741315101226617,"{0: 38, 1: 2, 2: 3, 3: 2, 4: 0}",0
136,False,"{'a': 0.5, 'e': 0.25666077695355588}",20,7,6.439942975220152,"{0: 11, 1: 1, 2: 1, 3: 0, 4: 0}",1
137,False,"{'a': 0.5, 'e': 0.25410695955280027}",20,4,-11.731996557966172,"{0: 15, 1: 0, 2: 0, 3: 0, 4: 1}",1
138,False,"{'a': 0.5, 'e': 0.25157855305975646}",30,24,10.065843470718379,"{0: 6, 1: 0, 2: 0, 3: 0, 4: 0}",1
139,False,"{'a': 0.5, 'e': 0.24907530463166816}",25,8,-29.59331212981563,"{0: 15, 1: 0, 2: 0, 3: 1, 4: 1}",1
140,False,"{'a': 0.5, 'e': 0.24659696394160643}",25,9,20.631321767039367,"{0: 15, 1: 0, 2: 1, 3: 0, 4: 0}",1
141,False,"{'a': 0.5, 'e': 0.24414328315343711}",20,2,33.2575165797181,"{0: 18, 1: 0, 2: 0, 3: 0, 4: 0}",1
142,False,"{'a': 0.5, 'e': 0.24171401689703645}",25,14,-3.832381463674345,"{0: 10, 1: 0, 2: 0, 3: 1, 4: 0}",1
143,False,"{'a': 0.5, 'e': 0.23930892224375455}",25,12,12.570016127138322,"{0: 12, 1: 0, 2: 1, 3: 0, 4: 0}",1
144,False,"{'a': 0.5, 'e': 0.23692775868212176}",35,20,15.681159970483527,"{0: 14, 1: 0, 2: 1, 3: 0, 4: 0}",1
145,False,"{'a': 0.5, 'e': 0.23457028809379765}",30,-11,28.157260242301724,"{0: 38, 1: 0, 2: 2, 3: 1, 4: 0}",0
146,False,"{'a': 0.5, 'e': 0.23223627472975883}",20,8,-13.891309742739532,"{0: 9, 1: 0, 2: 3, 3: 0, 4: 0}",1
147,False,"{'a': 0.5, 'e': 0.22992548518672384}",30,7,1.2974366979457197,"{0: 20, 1: 1, 2: 1, 3: 1, 4: 0}",1
148,False,"{'a': 0.5, 'e': 0.22763768838381274}",20,8,-5.955941639937823,"{0: 10, 1: 0, 2: 2, 3: 0, 4: 0}",1
149,False,"{'a': 0.5, 'e': 0.22537265553943872}",25,8,36.88009728646501,"{0: 17, 1: 0, 2: 0, 3: 0, 4: 0}",1
150,False,"{'a': 0.5, 'e': 0.22313016014842982}",25,10,5.466940213700421,"{0: 14, 1: 0, 2: 0, 3: 1, 4: 0}",1
151,False,"{'a': 0.5, 'e': 0.2209099779593782}",25,13,-0.021606216451762306,"{0: 10, 1: 0, 2: 2, 3: 0, 4: 0}",1
152,False,"{'a': 0.5, 'e': 0.21871188695221475}",20,10,-86.20716122606953,"{0: 7, 1: 0, 2: 0, 3: 1, 4: 2}",1
153,False,"{'a': 0.5, 'e': 0.21653566731600707}",20,6,16.397176622412175,"{0: 13, 1: 0, 2: 1, 3: 0, 4: 0}",1
154,False,"{'a': 0.5, 'e': 0.21438110142697794}",20,8,13.566926414201331,"{0: 11, 1: 1, 2: 0, 3: 0, 4: 0}",1
155,False,"{'a': 0.5, 'e': 0.21224797382674304}",35,12,-15.977027612488715,"{0: 19, 1: 0, 2: 3, 3: 1, 4: 0}",1
156,False,"{'a': 0.5, 'e': 0.21013607120076472}",30,18,16.12120110028254,"{0: 11, 1: 1, 2: 0, 3: 0, 4: 0}",1
157,False,"{'a': 0.5, 'e': 0.20804518235702046}",30,15,28.51965264680277,"{0: 15, 1: 0, 2: 0, 3: 0, 4: 0}",1
158,False,"{'a': 0.5, 'e': 0.20597509820488344}",20,10,5.372060981887477,"{0: 9, 1: 0, 2: 1, 3: 0, 4: 0}",1
159,False,"{'a': 0.5, 'e': 0.20392561173421342}",30,15,8.391633592793497,"{0: 14, 1: 0, 2: 0, 3: 1, 4: 0}",1
160,False,"{'a': 0.5, 'e': 0.20189651799465538}",20,15,8.783529870163267,"{0: 5, 1: 0, 2: 0, 3: 0, 4: 0}",1
161,False,"{'a': 0.5, 'e': 0.19988761407514449}",20,15,8.154676926529499,"{0: 5, 1: 0, 2: 0, 3: 0, 4: 0}",1
162,False,"{'a': 0.5, 'e': 0.19789869908361465}",20,12,17.22054789666184,"{0: 8, 1: 0, 2: 0, 3: 0, 4: 0}",1
163,False,"{'a': 0.5, 'e': 0.19592957412690934}",20,-9,-3.9097531136832098,"{0: 25, 1: 0, 2: 3, 3: 1, 4: 0}",0
164,False,"{'a': 0.5, 'e': 0.19398004229089189}",25,5,38.3126620923932,"{0: 20, 1: 0, 2: 0, 3: 0, 4: 0}",1
165,False,"{'a': 0.5, 'e': 0.19204990862075408}",30,14,6.082943742835086,"{0: 13, 1: 2, 2: 1, 3: 0, 4: 0}",1
166,False,"{'a': 0.5, 'e': 0.1901389801015205}",25,17,3.96977955855425,"{0: 7, 1: 0, 2: 1, 3: 0, 4: 0}",1
167,False,"{'a': 0.5, 'e': 0.1882470656387468}",25,10,-32.653059253564685,"{0: 12, 1: 1, 2: 1, 3: 0, 4: 1}",1
168,False,"{'a': 0.5, 'e': 0.18637397603940997}",25,-3,34.191869941647504,"{0: 27, 1: 0, 2: 0, 3: 1, 4: 0}",0
169,False,"{'a': 0.5, 'e': 0.18451952399298926}",20,14,-10.629591332996394,"{0: 5, 1: 0, 2: 0, 3: 1, 4: 0}",1
170,False,"{'a': 0.5, 'e': 0.18268352405273466}",30,20,1.2429492414950434,"{0: 8, 1: 1, 2: 1, 3: 0, 4: 0}",1
171,False,"{'a': 0.5, 'e': 0.1808657926171221}",20,10,-45.985701780321676,"{0: 7, 1: 0, 2: 2, 3: 0, 4: 1}",1
172,False,"{'a': 0.5, 'e': 0.17906614791149322}",20,16,6.602963900227465,"{0: 4, 1: 0, 2: 0, 3: 0, 4: 0}",1
173,False,"{'a': 0.5, 'e': 0.17728440996987782}",25,1,-11.007020819703314,"{0: 22, 1: 0, 2: 1, 3: 0, 4: 1}",1
174,False,"{'a': 0.5, 'e': 0.17552040061699686}",25,-5,37.29465420234156,"{0: 28, 1: 1, 2: 1, 3: 0, 4: 0}",0
175,False,"{'a': 0.5, 'e': 0.17377394345044514}",20,7,13.087506854161695,"{0: 12, 1: 0, 2: 1, 3: 0, 4: 0}",1
176,False,"{'a': 0.5, 'e': 0.17204486382305054}",25,9,20.46269525722878,"{0: 15, 1: 0, 2: 1, 3: 0, 4: 0}",1
177,False,"{'a': 0.5, 'e': 0.17033298882540943}",25,10,26.92450219872736,"{0: 15, 1: 0, 2: 0, 3: 0, 4: 0}",1
178,False,"{'a': 0.5, 'e': 0.1686381472685955}",20,9,14.849649976630616,"{0: 10, 1: 1, 2: 0, 3: 0, 4: 0}",1
179,False,"{'a': 0.5, 'e': 0.16696016966704069}",25,13,17.010929730539797,"{0: 12, 1: 0, 2: 0, 3: 0, 4: 0}",1
180,False,"{'a': 0.5, 'e': 0.16529888822158653}",20,3,31.105791478159404,"{0: 17, 1: 0, 2: 0, 3: 0, 4: 0}",1
181,False,"{'a': 0.5, 'e': 0.16365413680270405}",25,14,-29.891595491551403,"{0: 9, 1: 0, 2: 1, 3: 0, 4: 1}",1
182,False,"{'a': 0.5, 'e': 0.16202575093388075}",30,13,27.199881791758074,"{0: 16, 1: 1, 2: 0, 3: 0, 4: 0}",1
183,False,"{'a': 0.5, 'e': 0.16041356777517274}",30,18,24.429014511347855,"{0: 12, 1: 0, 2: 0, 3: 0, 4: 0}",1
184,False,"{'a': 0.5, 'e': 0.15881742610692068}",20,0,20.90629809048975,"{0: 18, 1: 1, 2: 1, 3: 0, 4: 0}",1
185,False,"{'a': 0.5, 'e': 0.15723716631362761}",25,13,21.35480504694037,"{0: 12, 1: 0, 2: 0, 3: 0, 4: 0}",1
186,False,"{'a': 0.5, 'e': 0.15567263036799731}",30,12,34.82204591296868,"{0: 18, 1: 0, 2: 0, 3: 0, 4: 0}",1
187,False,"{'a': 0.5, 'e': 0.1541236618151314}",25,15,19.299191560861075,"{0: 10, 1: 0, 2: 0, 3: 0, 4: 0}",1
188,False,"{'a': 0.5, 'e': 0.15259010575688386}",30,16,25.314213023909353,"{0: 14, 1: 0, 2: 0, 3: 0, 4: 0}",1
189,False,"{'a': 0.5, 'e': 0.15107180883637084}",20,13,15.133419873177111,"{0: 7, 1: 0, 2: 0, 3: 0, 4: 0}",1
190,False,"{'a': 0.5, 'e': 0.14956861922263504}",25,2,39.15360846653503,"{0: 23, 1: 0, 2: 0, 3: 0, 4: 0}",1
191,False,"{'a': 0.5, 'e': 0.14808038659546244}",20,8,11.783333422118458,"{0: 11, 1: 0, 2: 1, 3: 0, 4: 0}",1
192,False,"{'a': 0.5, 'e': 0.14660696213035015}",20,13,14.784051803257242,"{0: 7, 1: 0, 2: 0, 3: 0, 4: 0}",1
193,False,"{'a': 0.5, 'e': 0.14514819848362373}",25,0,-19.66134796910797,"{0: 22, 1: 0, 2: 2, 3: 0, 4: 1}",1
194,False,"{'a': 0.5, 'e': 0.14370394977770293}",20,14,9.402359911931123,"{0: 6, 1: 0, 2: 0, 3: 0, 4: 0}",1
195,False,"{'a': 0.5, 'e': 0.14227407158651359}",30,22,16.782869509472498,"{0: 8, 1: 0, 2: 0, 3: 0, 4: 0}",1
196,False,"{'a': 0.5, 'e': 0.140858420921045}",25,20,9.3167043983508,"{0: 5, 1: 0, 2: 0, 3: 0, 4: 0}",1
197,False,"{'a': 0.5, 'e': 0.13945685621505094}",25,18,12.294179336427348,"{0: 7, 1: 0, 2: 0, 3: 0, 4: 0}",1
198,False,"{'a': 0.5, 'e': 0.13806923731089282}",30,18,23.434542051932056,"{0: 12, 1: 0, 2: 0, 3: 0, 4: 0}",1
199,False,"{'a': 0.5, 'e': 0.13669542544552385}",20,8,-2.4210227303350202,"{0: 10, 1: 0, 2: 2, 3: 0, 4: 0}",1
200,False,"{'a': 0.5, 'e': 0.1353352832366127}",20,12,13.443332906589115,"{0: 8, 1: 0, 2: 0, 3: 0, 4: 0}",1
201,False,"{'a': 0.5, 'e': 0.13398867466880493}",25,17,14.034711100207295,"{0: 8, 1: 0, 2: 0, 3: 0, 4: 0}",1
202,False,"{'a': 0.5, 'e': 0.13265546508012172}",20,12,3.972869544537074,"{0: 7, 1: 0, 2: 1, 3: 0, 4: 0}",1
203,False,"{'a': 0.5, 'e': 0.13133552114849303}",35,25,7.05266889536577,"{0: 9, 1: 0, 2: 1, 3: 0, 4: 0}",1
204,False,"{'a': 0.5, 'e': 0.13002871087842591}",20,11,-3.06237655429421,"{0: 7, 1: 0, 2: 2, 3: 0, 4: 0}",1
205,False,"{'a': 0.5, 'e': 0.12873490358780423}",20,4,19.54878457118572,"{0: 15, 1: 0, 2: 1, 3: 0, 4: 0}",1
206,False,"{'a': 0.5, 'e': 0.12745396989482075}",25,6,6.675043807926138,"{0: 17, 1: 0, 2: 2, 3: 0, 4: 0}",1
207,False,"{'a': 0.5, 'e': 0.12618578170503877}",20,4,9.931478481444515,"{0: 14, 1: 1, 2: 1, 3: 0, 4: 0}",1
208,False,"{'a': 0.5, 'e': 0.12493021219858241}",30,16,-26.436765587629424,"{0: 12, 1: 0, 2: 1, 3: 0, 4: 1}",1
209,False,"{'a': 0.5, 'e': 0.12368713581745483}",20,-3,31.24394477168852,"{0: 22, 1: 1, 2: 0, 3: 0, 4: 0}",0
210,False,"{'a': 0.5, 'e': 0.12245642825298191}",25,16,17.375044526703842,"{0: 9, 1: 0, 2: 0, 3: 0, 4: 0}",1
211,False,"{'a': 0.5, 'e': 0.12123796643338168}",35,22,22.514025540764262,"{0: 13, 1: 0, 2: 0, 3: 0, 4: 0}",1
212,False,"{'a': 0.5, 'e': 0.12003162851145673}",20,2,-9.376656475674926,"{0: 17, 1: 0, 2: 0, 3: 0, 4: 1}",1
213,False,"{'a': 0.5, 'e': 0.11883729385240965}",20,5,-5.023355794169512,"{0: 13, 1: 0, 2: 1, 3: 1, 4: 0}",1
214,False,"{'a': 0.5, 'e': 0.11765484302177918}",25,14,22.000576007890132,"{0: 11, 1: 0, 2: 0, 3: 0, 4: 0}",1
215,False,"{'a': 0.5, 'e': 0.11648415777349697}",20,0,13.633251372849625,"{0: 18, 1: 0, 2: 2, 3: 0, 4: 0}",1
216,False,"{'a': 0.5, 'e': 0.11532512103806251}",25,14,7.714727529875689,"{0: 10, 1: 0, 2: 1, 3: 0, 4: 0}",1
217,False,"{'a': 0.5, 'e': 0.1141776169108365}",25,10,1.7779012940933718,"{0: 13, 1: 0, 2: 2, 3: 0, 4: 0}",1
218,False,"{'a': 0.5, 'e': 0.11304153064044985}",25,17,15.775433339103524,"{0: 8, 1: 0, 2: 0, 3: 0, 4: 0}",1
219,False,"{'a': 0.5, 'e': 0.11191674861732888}",30,19,21.504643115213277,"{0: 11, 1: 0, 2: 0, 3: 0, 4: 0}",1
220,False,"{'a': 0.5, 'e': 0.11080315836233387}",25,17,15.457236333447241,"{0: 8, 1: 0, 2: 0, 3: 0, 4: 0}",1
221,False,"{'a': 0.5, 'e': 0.10970064851551141}",30,23,12.920872242311537,"{0: 7, 1: 0, 2: 0, 3: 0, 4: 0}",1
222,False,"{'a': 0.5, 'e': 0.10860910882495796}",35,24,20.006961113427447,"{0: 11, 1: 0, 2: 0, 3: 0, 4: 0}",1
223,False,"{'a': 0.5, 'e': 0.10752843013579495}",20,5,31.78454927151479,"{0: 15, 1: 0, 2: 0, 3: 0, 4: 0}",1
224,False,"{'a': 0.5, 'e': 0.10645850437925281}",20,4,11.647516401005795,"{0: 14, 1: 1, 2: 1, 3: 0, 4: 0}",1
225,False,"{'a': 0.5, 'e': 0.10539922456186433}",30,14,31.265654886887567,"{0: 16, 1: 0, 2: 0, 3: 0, 4: 0}",1
226,False,"{'a': 0.5, 'e': 0.10435048475476499}",30,19,7.081057696233763,"{0: 10, 1: 0, 2: 1, 3: 0, 4: 0}",1
227,False,"{'a': 0.5, 'e': 0.1033121800831002}",25,14,11.72074467413809,"{0: 10, 1: 0, 2: 1, 3: 0, 4: 0}",1
228,False,"{'a': 0.5, 'e': 0.10228420671553744}",20,1,24.033987407530834,"{0: 18, 1: 1, 2: 0, 3: 0, 4: 0}",1
229,False,"{'a': 0.5, 'e': 0.1012664618538834}",20,16,8.111476760198903,"{0: 4, 1: 0, 2: 0, 3: 0, 4: 0}",1
230,False,"{'a': 0.5, 'e': 0.10025884372280371}",30,19,20.227170659906907,"{0: 11, 1: 0, 2: 0, 3: 0, 4: 0}",1
231,False,"{'a': 0.5, 'e': 0.099261251559645658}",25,10,30.5039882371723,"{0: 15, 1: 0, 2: 0, 3: 0, 4: 0}",1
232,False,"{'a': 0.5, 'e': 0.098273585604361544}",35,21,15.031919310300108,"{0: 13, 1: 0, 2: 1, 3: 0, 4: 0}",1
233,False,"{'a': 0.5, 'e': 0.097295747089532758}",20,15,10.404000570350904,"{0: 5, 1: 0, 2: 0, 3: 0, 4: 0}",1
234,False,"{'a': 0.5, 'e': 0.096327638230493035}",20,10,21.53663374368305,"{0: 10, 1: 0, 2: 0, 3: 0, 4: 0}",1
235,False,"{'a': 0.5, 'e': 0.095369162215549613}",25,15,19.986842100988603,"{0: 10, 1: 0, 2: 0, 3: 0, 4: 0}",1
236,False,"{'a': 0.5, 'e': 0.094420223196302347}",25,18,4.61666586736902,"{0: 6, 1: 1, 2: 0, 3: 0, 4: 0}",1
237,False,"{'a': 0.5, 'e': 0.093480726278058465}",20,9,21.366360323334536,"{0: 11, 1: 0, 2: 0, 3: 0, 4: 0}",1
238,False,"{'a': 0.5, 'e': 0.09255057751034329}",20,12,16.791496275197314,"{0: 8, 1: 0, 2: 0, 3: 0, 4: 0}",1
239,False,"{'a': 0.5, 'e': 0.091629683877504836}",20,3,20.07021864720849,"{0: 16, 1: 0, 2: 1, 3: 0, 4: 0}",1
240,False,"{'a': 0.5, 'e': 0.090717953289412512}",20,9,19.9798325928209,"{0: 11, 1: 0, 2: 0, 3: 0, 4: 0}",1
241,False,"{'a': 0.5, 'e': 0.089815294572247628}",25,17,13.967912081489338,"{0: 8, 1: 0, 2: 0, 3: 0, 4: 0}",1
242,False,"{'a': 0.5, 'e': 0.088921617459386343}",30,20,14.78125107027395,"{0: 9, 1: 1, 2: 0, 3: 0, 4: 0}",1
243,False,"{'a': 0.5, 'e': 0.088036832582372548}",30,21,17.539795470597863,"{0: 9, 1: 0, 2: 0, 3: 0, 4: 0}",1
244,False,"{'a': 0.5, 'e': 0.087160851461981298}",30,20,18.61244216162362,"{0: 10, 1: 0, 2: 0, 3: 0, 4: 0}",1
245,False,"{'a': 0.5, 'e': 0.086293586499370495}",20,16,8.950773059194407,"{0: 4, 1: 0, 2: 0, 3: 0, 4: 0}",1
246,False,"{'a': 0.5, 'e': 0.085434950967321233}",25,15,16.981572344959897,"{0: 10, 1: 0, 2: 0, 3: 0, 4: 0}",1
247,False,"{'a': 0.5, 'e': 0.084584859001564691}",25,10,27.165155208308615,"{0: 15, 1: 0, 2: 0, 3: 0, 4: 0}",1
248,False,"{'a': 0.5, 'e': 0.083743225592195963}",20,7,26.855588123580088,"{0: 13, 1: 0, 2: 0, 3: 0, 4: 0}",1
249,False,"{'a': 0.5, 'e': 0.082909966575172661}",25,13,26.506068953300275,"{0: 12, 1: 0, 2: 0, 3: 0, 4: 0}",1
250,False,"{'a': 0.5, 'e': 0.0820849986238988}",20,13,15.799477509823912,"{0: 7, 1: 0, 2: 0, 3: 0, 4: 0}",1
251,False,"{'a': 0.5, 'e': 0.081268239240891674}",20,0,21.815138966306105,"{0: 19, 1: 0, 2: 1, 3: 0, 4: 0}",1
252,False,"{'a': 0.5, 'e': 0.080459606749532439}",20,7,-7.034205822392799,"{0: 11, 1: 0, 2: 1, 3: 1, 4: 0}",1
253,False,"{'a': 0.5, 'e': 0.079659020285898011}",20,15,12.609631683509532,"{0: 5, 1: 0, 2: 0, 3: 0, 4: 0}",1
254,False,"{'a': 0.5, 'e': 0.078866399790674946}",25,15,-2.805519986316617,"{0: 8, 1: 0, 2: 2, 3: 0, 4: 0}",1
255,False,"{'a': 0.5, 'e': 0.078081666001153127}",35,25,21.547724429021166,"{0: 10, 1: 0, 2: 0, 3: 0, 4: 0}",1
256,False,"{'a': 0.5, 'e': 0.077304740443299741}",20,4,31.188591263444902,"{0: 16, 1: 0, 2: 0, 3: 0, 4: 0}",1
257,False,"{'a': 0.5, 'e': 0.076535545423911513}",25,10,15.66087205737314,"{0: 14, 1: 0, 2: 1, 3: 0, 4: 0}",1
258,False,"{'a': 0.5, 'e': 0.075774004022845481}",30,16,26.53813481805145,"{0: 14, 1: 0, 2: 0, 3: 0, 4: 0}",1
259,False,"{'a': 0.5, 'e': 0.075020040085326978}",20,13,14.535361338126684,"{0: 7, 1: 0, 2: 0, 3: 0, 4: 0}",1
260,False,"{'a': 0.5, 'e': 0.074273578214333877}",20,12,14.751643633261171,"{0: 8, 1: 0, 2: 0, 3: 0, 4: 0}",1
261,False,"{'a': 0.5, 'e': 0.073534543763057097}",25,8,34.3129694008428,"{0: 17, 1: 0, 2: 0, 3: 0, 4: 0}",1
262,False,"{'a': 0.5, 'e': 0.072802862827435588}",30,24,12.034383951262441,"{0: 6, 1: 0, 2: 0, 3: 0, 4: 0}",1
263,False,"{'a': 0.5, 'e': 0.0720784622387661}",25,10,30.489350802815146,"{0: 15, 1: 0, 2: 0, 3: 0, 4: 0}",1
264,False,"{'a': 0.5, 'e': 0.071361269556386053}",25,17,13.499495219443283,"{0: 8, 1: 0, 2: 0, 3: 0, 4: 0}",1
265,False,"{'a': 0.5, 'e': 0.070651213060429596}",20,-3,32.34601973065732,"{0: 22, 1: 0, 2: 1, 3: 0, 4: 0}",0
266,False,"{'a': 0.5, 'e': 0.069948221744655356}",20,12,14.19145807275827,"{0: 8, 1: 0, 2: 0, 3: 0, 4: 0}",1
267,False,"{'a': 0.5, 'e': 0.069252225309345994}",20,7,25.124179888949897,"{0: 13, 1: 0, 2: 0, 3: 0, 4: 0}",1
268,False,"{'a': 0.5, 'e': 0.068563154154277911}",20,0,27.135150777196714,"{0: 19, 1: 0, 2: 1, 3: 0, 4: 0}",1
269,False,"{'a': 0.5, 'e': 0.067880939371761442}",20,16,7.572458235120473,"{0: 4, 1: 0, 2: 0, 3: 0, 4: 0}",1
270,False,"{'a': 0.5, 'e': 0.067205512739749756}",20,15,7.9646086004704735,"{0: 5, 1: 0, 2: 0, 3: 0, 4: 0}",1
271,False,"{'a': 0.5, 'e': 0.066536806715016855}",20,6,28.61077092360533,"{0: 14, 1: 0, 2: 0, 3: 0, 4: 0}",1
272,False,"{'a': 0.5, 'e': 0.065874754426402948}",25,14,21.637703532524373,"{0: 11, 1: 0, 2: 0, 3: 0, 4: 0}",1
273,False,"{'a': 0.5, 'e': 0.065219289668127525}",20,6,28.680792686474422,"{0: 14, 1: 0, 2: 0, 3: 0, 4: 0}",1
274,False,"{'a': 0.5, 'e': 0.06457034689316847}",30,20,21.124071260040978,"{0: 10, 1: 0, 2: 0, 3: 0, 4: 0}",1
275,False,"{'a': 0.5, 'e': 0.06392786120670757}",20,13,13.875066821240221,"{0: 7, 1: 0, 2: 0, 3: 0, 4: 0}",1
276,False,"{'a': 0.5, 'e': 0.063291768359640704}",30,20,18.860804950673153,"{0: 10, 1: 0, 2: 0, 3: 0, 4: 0}",1
277,False,"{'a': 0.5, 'e': 0.062662004742153152}",35,21,29.1271243291017,"{0: 14, 1: 0, 2: 0, 3: 0, 4: 0}",1
278,False,"{'a': 0.5, 'e': 0.06203850737735829}",25,18,14.582842953801208,"{0: 7, 1: 0, 2: 0, 3: 0, 4: 0}",1
279,False,"{'a': 0.5, 'e': 0.061421213915000127}",20,15,9.631921887025689,"{0: 5, 1: 0, 2: 0, 3: 0, 4: 0}",1
280,False,"{'a': 0.5, 'e': 0.060810062625217952}",25,18,10.773486563947861,"{0: 7, 1: 0, 2: 0, 3: 0, 4: 0}",1
281,False,"{'a': 0.5, 'e': 0.060204992392373542}",30,24,12.877524280367378,"{0: 6, 1: 0, 2: 0, 3: 0, 4: 0}",1
282,False,"{'a': 0.5, 'e': 0.059605942708939368}",20,9,19.531845241899823,"{0: 11, 1: 0, 2: 0, 3: 0, 4: 0}",1
283,False,"{'a': 0.5, 'e': 0.059012853669447841}",20,10,-33.90442115661408,"{0: 8, 1: 0, 2: 1, 3: 0, 4: 1}",1
284,False,"{'a': 0.5, 'e': 0.058425665964500828}",25,18,15.36487523932166,"{0: 7, 1: 0, 2: 0, 3: 0, 4: 0}",1
285,False,"{'a': 0.5, 'e': 0.057844320874838456}",20,9,19.408150728237228,"{0: 11, 1: 0, 2: 0, 3: 0, 4: 0}",1
286,False,"{'a': 0.5, 'e': 0.057268760265467358}",20,10,19.630704505138237,"{0: 10, 1: 0, 2: 0, 3: 0, 4: 0}",1
287,False,"{'a': 0.5, 'e': 0.056698926579846903}",30,17,18.49655305258336,"{0: 12, 1: 1, 2: 0, 3: 0, 4: 0}",1
288,False,"{'a': 0.5, 'e': 0.056134762834133725}",25,15,21.195995361052212,"{0: 10, 1: 0, 2: 0, 3: 0, 4: 0}",1
289,False,"{'a': 0.5, 'e': 0.055576212611483058}",20,9,13.07954658627806,"{0: 10, 1: 0, 2: 1, 3: 0, 4: 0}",1
290,False,"{'a': 0.5, 'e': 0.055023220056407231}",30,20,19.731819080251306,"{0: 10, 1: 0, 2: 0, 3: 0, 4: 0}",1
291,False,"{'a': 0.5, 'e': 0.054475729869189859}",20,-3,41.510895366409486,"{0: 23, 1: 0, 2: 0, 3: 0, 4: 0}",0
292,False,"{'a': 0.5, 'e': 0.053933687300356019}",20,4,27.5941677764176,"{0: 16, 1: 0, 2: 0, 3: 0, 4: 0}",1
293,False,"{'a': 0.5, 'e': 0.053397038145197084}",35,13,40.14783964640467,"{0: 21, 1: 1, 2: 0, 3: 0, 4: 0}",1
294,False,"{'a': 0.5, 'e': 0.052865728738350368}",25,13,24.583297571392762,"{0: 12, 1: 0, 2: 0, 3: 0, 4: 0}",1
295,False,"{'a': 0.5, 'e': 0.052339705948432381}",25,17,17.905768675743072,"{0: 8, 1: 0, 2: 0, 3: 0, 4: 0}",1
296,False,"{'a': 0.5, 'e': 0.051818917172725833}",20,15,11.202740165693298,"{0: 5, 1: 0, 2: 0, 3: 0, 4: 0}",1
297,False,"{'a': 0.5, 'e': 0.051303310331919108}",35,21,19.867214969714507,"{0: 13, 1: 1, 2: 0, 3: 0, 4: 0}",1
298,False,"{'a': 0.5, 'e': 0.050792833864898503}",30,12,31.277631041315566,"{0: 18, 1: 0, 2: 0, 3: 0, 4: 0}",1
299,False,"{'a': 0.5, 'e': 0.050287436723591865}",25,16,18.668990464410275,"{0: 9, 1: 0, 2: 0, 3: 0, 4: 0}",1
300,False,"{'a': 0.5, 'e': 0.049787068367863944}",25,11,24.407682513473414,"{0: 14, 1: 0, 2: 0, 3: 0, 4: 0}",1
1,True,"{'a': 0, 'e': 0}",20,13,12.851654970135186,"{0: 7, 1: 0, 2: 0, 3: 0, 4: 0}",1
2,True,"{'a': 0, 'e': 0}",20,2,36.973123556481795,"{0: 18, 1: 0, 2: 0, 3: 0, 4: 0}",1
3,True,"{'a': 0, 'e': 0}",20,10,19.744324951520625,"{0: 10, 1: 0, 2: 0, 3: 0, 4: 0}",1
4,True,"{'a': 0, 'e': 0}",25,17,14.92837182997587,"{0: 8, 1: 0, 2: 0, 3: 0, 4: 0}",1
5,True,"{'a': 0, 'e': 0}",20,10,20.086160374663486,"{0: 10, 1: 0, 2: 0, 3: 0, 4: 0}",1
6,True,"{'a': 0, 'e': 0}",20,13,14.811749150214172,"{0: 7, 1: 0, 2: 0, 3: 0, 4: 0}",1
7,True,"{'a': 0, 'e': 0}",20,10,19.24889086088357,"{0: 10, 1: 0, 2: 0, 3: 0, 4: 0}",1
8,True,"{'a': 0, 'e': 0}",20,12,10.731899728124649,"{0: 8, 1: 0, 2: 0, 3: 0, 4: 0}",1
9,True,"{'a': 0, 'e': 0}",20,11,15.287696012558637,"{0: 9, 1: 0, 2: 0, 3: 0, 4: 0}",1
10,True,"{'a': 0, 'e': 0}",25,10,28.63418304203545,"{0: 15, 1: 0, 2: 0, 3: 0, 4: 0}",1
